Логин;Пароль;Роль;ФИО;Фото
loginDEsar2018;2M2IQH;Менеджер;"Яковлев 	Ефим Ильяович";
loginDEuxd2018;*PI3KN;Заместитель директора;"Васильева 	Маргарита Валерьяновна";
loginDEepk2018;VZ&Ak7;Заказчик;"Петухов 	Гордей Серапионович";
loginDEjhb2018;PNvt8N;Заказчик;"Нестеров 	Виктор Юлианович";
loginDExzi2018;{+1T1M;Директор;"Белоусов 	Антонин Яковович";
loginDEvva2018;G{q*LD;Заместитель директора;"Ермакова 	Александра Куприяновна";
loginDEudz2018;Xcjvmi;Менеджер;"Баранова 	Галина Еремеевна";
 loginDEyyj2018;z+U0XU;Заказчик;"Лебедев 	Валерьян Кимович";
loginDEvdj2018;5Eq6d|;Заместитель директора;"Никонов 	Богдан Юлианович";
loginDErwk2018;|nZOKu;Заказчик;"Карпов 	Дмитрий Владимирович";
loginDElkc2018;BOvRGk;Мастер;"Мартынов 	Онисим Ярославович";
loginDEmge2018;C947}j;Менеджер;"Кузнецов 	Созон Викторович";
loginDEtol2018;&ksGM5;Директор;"Николаева 	Ирина Федотовна";
loginDEjwb2018;IQ+a01;Заказчик;"Виноградов 	Ростислав Еремеевич";
loginDEzhf2018;xws6L9;Менеджер;"Лебедева 	Евдокия Ивановна";
loginDEobp2018;XNGjJy;Директор;"Иванов 	Игнатий Авксентьевич";
loginDEloi2018;azEz+L;Менеджер;"Савин 	Пётр Артёмович";
loginDEuau2018;FNnhJ1;Директор;"Голубев 	Семён Олегович";
loginDEdwi2018;n*aog&;Менеджер;"Горбачёв 	Ириней Викторович";
loginDEecu2018;s6FMJ|;Заказчик;"Игнатьева 	Глафира Эдуардовна";
loginDEdfk2018;aqgkFV;Заказчик;"Красильников 	Геннадий Романович";
loginDEkxq2018;8igB2p;Мастер;"Якушев 	Германн Мэлорович";
loginDEhqm2018;BPvGYj;Заказчик;"Андреев 	Руслан Федосеевич";
loginDEyzm2018;*Nx7JS;Заместитель директора;"Козлов 	Эдуард Протасьевич";
loginDEzbd2018;hWTIZR;Заместитель директора;"Галкин 	Ярослав Фролович";
loginDEoni2018;phdlXA;Заказчик;"Назаров 	Иван Мартынович";
loginDEewk2018;4baKX7;Мастер;"Воронцов 	Владимир Игнатьевич";
loginDEdfh2018;t0CrUG;Мастер;"Артемьев 	Даниил Дамирович";
loginDEufs2018;7CLi&1;Менеджер;"Абрамова 	Милица Аристарховна";
loginDEzsy2018;a6}lPi;Мастер;"Владимиров 	Протасий Витальевич";
loginDElzj2018;Ph0lH+;Директор;"Агафонов 	Ириней Фёдорович";
loginDEwtu2018;kVUA|*;Мастер;"Суворов 	Владислав Иринеевич";
loginDEpyt2018;VAwNEk;Заместитель директора;"Яковлев 	Игнатий Даниилович";
loginDEquw2018;65j6kZ;Мастер;"Павлов 	Константин Гордеевич";
loginDEcxk2018;sM*fqO;Заказчик;"Щукина 	Марфа Глебовна";
loginDEnxq2018;|yxsob;Заместитель директора;"Мишин 	Михаил Глебович";
loginDEpmm2018;wRERed;Заместитель директора;"Исакова 	София Юрьевна";
loginDEitt2018;L+OKpQ;Менеджер;"Сысоева 	Виктория Максимовна";
loginDEttt2018;1YOnW3;Мастер;"Большаков 	Владимир Филатович";
loginDExrn2018;eaI8ng;Менеджер;"Абрамова 	Оксана Ростиславовна";
loginDEelh2018;NNmfSo;Заместитель директора;"Зиновьев 	Иван Ильяович";
loginDEwxd2018;Smjq0v;Директор;"Евдокимов 	Алексей Антонович";
loginDEiho2018;UIlg{8;Заместитель директора;"Романов 	Германн Серапионович";
loginDEsyo2018;F743ca;Заказчик;"Логинов 	Егор Лаврентьевич";
loginDEmwq2018;YZ{snT;Мастер;"Кондратьев 	Бронислав Тихонович";
loginDEykk2018;EttWT{;Менеджер;"Александрова 	Нинель Мстиславовна";
loginDEell2018;7wQfBj;Менеджер;"Терентьев 	Игорь Александрович";
loginDEdys2018;B}2V7t;Директор;"Пахомов 	Гордей Борисович";
loginDEqoh2018;+xRJ|2;Менеджер;"Большаков 	Яков Протасьевич";
loginDEpdv2018;r1HuS2;Менеджер;"Крылов 	Авдей Анатольевич";
loginDEzqn2018;Lgd57H;Мастер;"Петрова 	Иванна Андреевна";
loginDEvzo2018;VO7mOE;Директор;"Воронцов 	Никита Лаврентьевич";
loginDEiyy2018;Ip|*iS;Мастер;"Федосеев 	Иван Валентинович";
loginDEdgv2018;kfmvXj;Директор;"Галкин 	Владислав Филатович";
loginDEurj2018;9ImBsL;Директор;"Киселёв 	Валерьян Евгеньевич";
loginDEaul2018;MTZb+A;Мастер;"Путин 	Станислав Протасьевич";
loginDEbdx2018;F|mMSS;Заместитель директора;"Харитонов 	Германн Ефимович";
loginDEyzp2018;wFCnHN;Мастер;"Гурьева 	Ольга Аркадьевна";
loginDErwb2018;v5RpBS;Менеджер;"Сысоев 	Демьян Антонинович";
loginDEpri2018;RI2*T9;Мастер;"Шубин 	Тихон Лаврентьевич";
loginDEzpr2018;#ИМЯ?;Менеджер;"Евсеев 	Эдуард Протасьевич";
loginDEhfv2018;QpAY63;Мастер;"Мясников 	Борис Лукьевич";
loginDEyjy2018;20uyVz;Менеджер;"Мартынова 	Клавдия Лукьяновна";
loginDEejw2018;4}szdy;Директор;"Филатов 	 Константин Вадимович";
loginDEdby2018;rleZVk;Менеджер;"Ефремов 	Протасий Протасьевич";
loginDEzqk2018;TOOuow;Заказчик;"Михайлов 	Парфений Мэлорович";
loginDEjdf2018;*jzOGy;Менеджер;"Самойлов 	Богдан Геласьевич";
loginDEycc2018;YeTO&L;Мастер;"Громова 	Маргарита Митрофановна";
loginDEmoq2018;*bhJb4;Мастер;"Копылова 	Иванна Геласьевна";
loginDEgtz2018;Tv&BVy;Мастер;"Носков 	Семён Васильевич";
loginDEkuy2018;s4Vm64;Менеджер;"Данилов 	Егор Валентинович";
loginDEpxb2018;wso}8C;Менеджер;"Иванов 	Вячеслав Парфеньевич";
loginDEbfn2018;RCt1Sk;Заказчик;"Кошелева 	Василиса Якововна";
loginDEhqt2018;EhWhoq;Заместитель директора;"Данилов 	Мстислав Олегович";
loginDExyh2018;CRk03h;Мастер;"Горбунов 	Павел Леонидович";
loginDEjrd2018;8tl2a+;Менеджер;"Никитин 	Борис Евгеньевич";
loginDEkma2018;jW{dgt;Менеджер;"Доронина 	Фаина Якуновна";
loginDEknj2018;hKZfoC;Мастер;"Поляков 	Лукьян Викторович";
loginDEfvq2018;*uGVVE;Менеджер;"Уварова 	Наталья Евгеньевна";
loginDEvqh2018;oQmpma;Менеджер;"Соболев 	Фрол Германович";
loginDEcdg2018;UYNHsU;Заказчик;"Суворова 	Зинаида Александровна";
loginDEpdu2018;#ИМЯ?;Мастер;"Федосеева 	Иванна Михаиловна";
loginDEgbi2018;c29wfj;Директор;"Кудряшов 	Михаил Протасьевич";
loginDEklt2018;5QO|u4;Заместитель директора;"Аксёнова 	Александра Лаврентьевна";
loginDEbka2018;|AbflR;Директор;"Баранов 	Алексей Авдеевич";
loginDEthx2018;+t}zCu;Заказчик;"Гришин 	Донат Константинович";
loginDErns2018;tz2wx5;Заместитель директора;"Ершов 	Виктор Яковович";
loginDEybt2018;e7uyxU;Менеджер;"Григорьев 	Митрофан Парфеньевич";
loginDEoyy2018;4a0mnh;Мастер;"Панов 	Донат Александрович";
loginDEooj2018;GPf+Bw;Мастер;"Буров 	Серапион Сергеевич";
loginDExbs2018;I6DDeV;Заместитель директора;"Дорофеева 	Светлана Брониславовна";
loginDEafi2018;hN8}Tj;Менеджер;"Суханова 	Ангелина Григорьевна";
loginDEzyb2018;ZG73**;Мастер;"Сергеев 	Антонин Вадимович";
loginDEhwk2018;TeoCY0;Заместитель директора;"Комиссаров 	Тихон Варламович";
loginDEzby2018;n|MYCO;Менеджер;"Ефимова 	Анжелика Николаевна";
loginDExzu2018;Sch+GG;Директор;"Блинов 	Мэлор Дамирович";
loginDExzf2018;6cmjFd;Мастер;"Блохина 	Акулина Якуновна";
loginDEzva2018;0vLvlW;Директор;"Гущина 	Ксения Романовна";
loginDEdya2018;tS2NmR;Заказчик;"Пахомов 	Донат Евсеевич";
loginDEaou2018;1E6ONr;Менеджер;"Дементьев 	Владлен Глебович";
loginDEeqk2018;I{iaU4;Директор;"Мишин 	Ростислав Пантелеймонович";
loginDErot2018;I+0E2j;Директор;"Пестова 	Ия Святославовна";
loginDEhkz2018;T6BAKi;Заказчик;"Казакова 	Кира Вячеславовна";
loginDEcxd2018;#ИМЯ?;Заместитель директора;"Жданов 	Ярослав Варламович";
loginDEpty2018;m{Li1+;Мастер;"Вишнякова 	Прасковья Всеволодовна";
loginDEtaa2018;R8oTaQ;Заказчик;"Панфилов 	Кондрат Антонинович";
loginDEibc2018;qb8|Mk;Заместитель директора;"Буров 	Егор Арсеньевич";
loginDEwxv2018;qK6y{W;Менеджер;"Рожков 	Глеб Гордеевич";
loginDEdmd2018;6xjzYR;Заместитель директора;"Федосеева 	Ольга Алексеевна";
loginDEytk2018;7D9re0;Заместитель директора;"Яковлева 	Валерия Михаиловна";
loginDEqga2018;P+4p4a;Менеджер;"Лукин 	Пётр Кондратович";
loginDEaxl2018;V2S+Ih;Заказчик;"Дмитриев 	Никита Пётрович";
loginDEyan2018;uf6Krf;Директор;"Тарасова 	Зоя Якуновна";
loginDEidg2018;YjZW6A;Заместитель директора;"Исаков 	Константин Яковович";
loginDEwpm2018;zqnoi|;Заказчик;"Юдин 	Валентин Геласьевич";
loginDEpiz2018;JTXLk6;Директор;"Селиверстова 	Анжела Алексеевна";
loginDEdoo2018;1jH&}l;Директор;"Беляев 	Якун Протасьевич";
loginDEjeh2018;IgW*|U;Заказчик;"Сидоров 	Святослав Демьянович";
loginDEerm2018;XPr8zT;Мастер;"Кабанов 	Виктор Парфеньевич";
loginDEdlu2018;JgY{Zo;Директор;"Рогов 	Ким Станиславович";
loginDEplk2018;xQxtYm;Заказчик;"Блинова 	Марфа Николаевна";
loginDEtix2018;Y5zv9+;Мастер;"Тетерин 	Варлам Кимович";
loginDEarc2018;AZin*Q;Заместитель директора;"Крюков 	Даниил Онисимович";
loginDEpba2018;&HmMXH;Мастер;"Пахомова 	Антонина Еремеевна";
loginDEyeg2018;CFEe+Z;Заместитель директора;"Харитонов 	Ириней Авксентьевич";
loginDEshj2018;#ИМЯ?;Заказчик;"Кузьмин 	Евсей Андреевич";
loginDEchx2018;S5c&fX;Директор;"Виноградов 	Матвей Анатольевич";
loginDEwvl2018;&9Vpqk;Заказчик;"Якушева 	Анастасия Якуновна";
loginDEeeg2018;fIqIdE;Директор;"Егоров 	Евсей Константинович";
loginDEaeu2018;ubmJ{u;Заказчик;"Морозова 	Феврония Всеволодовна";
loginDEend2018;SX8Z4A;Директор;"Доронин 	Митрофан Лаврентьевич";
loginDEtik2018;a&+vrv;Директор;"Костин 	Константин Арсеньевич";
loginDEmmh2018;x1wAHo;Мастер;"Сорокин 	Агафон Семёнович";
loginDEcur2018;FuE312;Директор;"Мясникова 	Евфросиния Федотовна";
loginDEath2018;Ii{d2t;Директор;"Власов 	Никита Мартынович";
loginDEdif2018;Tpivcr;Заказчик;"Зуев 	Николай Георгьевич";
loginDErnv2018;gJ1NYR;Директор;"Жданов 	Степан Аристархович";
loginDEhrc2018;sk1mgK;Заместитель директора;"Кулагин 	Лукий Брониславович";
loginDEodw2018;AMSLmE;Менеджер;"Кабанова 	Алла Фёдоровна";
loginDEbed2018;282IYv;Мастер;"Соболева 	Валерия Всеволодовна";
loginDEnqq2018;XKrJOU;Директор;"Михеев 	Ярослав Антонович";
loginDEjgu2018;ELrDod;Заказчик;"Комаров 	Всеволод Степанович";
loginDEwbn2018;96TfQ|;Заместитель директора;"Белоусов 	Лукьян Геласьевич";
loginDEfbq2018;}G4XKd;Заместитель директора;"Фёдоров 	Донат Егорович";
loginDEccy2018;4zb2ow;Заместитель директора;"Матвиенко 	Валерия Вячеславовна";
loginDEuwn2018;wPbrBV;Директор;"Калашников 	Бронислав Арсеньевич";
loginDEsty2018;Caam+a;Заказчик;" Турова 	Василиса Алексеевна";
loginDEubl2018;R&o+7+;Мастер;"Андреев 	Лаврентий Созонович";
loginDEtqw2018;UJW+*N;Директор;"Филиппова 	Фаина Фёдоровна";
loginDExic2018;bp&g7f;Директор;"Соболев 	Геннадий Якунович";
loginDEvdy2018;|9AaAE;Мастер;"Михеева 	Евдокия Якововна";
loginDEqhl2018;FQQRMz;Директор;"Евдокимова 	Людмила Лаврентьевна";
loginDEhya2018;#ИМЯ?;Директор;"Чернов 	Арсений Германнович";
loginDEffq2018;Vs0tGb;Мастер;"Бирюков 	Вячеслав Агафонович";
loginDEopr2018;Oklkhh;Заместитель директора;"Веселов 	Вячеслав Аркадьевич";
loginDEmbm2018;g90TWM;Заказчик;"Исаева 	Любовь Мэлоровна";
loginDEsze2018;S*{8Ml;Заказчик;"Гуляева 	Лидия Ростиславовна";
loginDEctg2018;dN+jod;Мастер;"Сазонова 	Раиса Кондратовна";
loginDEruq2018;mXdZTI;Заказчик;"Пахомов 	Дмитрий Юлианович";
loginDEqpk2018;Tnh3DJ;Менеджер;"Сафонов 	Семён Лаврентьевич";
loginDEmhc2018;mMYPim;Мастер;"Игнатьева 	Элеонора Олеговна";
loginDErvp2018;iIOsgI;Заказчик;"Жданова 	Ангелина Якуновна";
loginDEgdb2018;xLvXN{;Менеджер;"Баранов 	Валерьян Игнатьевич";
loginDExet2018;S*onWu;Менеджер;"Селезнёва 	Татьяна Антониновна";
loginDEupl2018;KE6*k|;Мастер;"Наумов 	Ефим Онисимович";
loginDEkbx2018;T}4cTC;Мастер;"Филатова 	Пелагея Якуновна";
loginDEzwo2018;zkc0S};Мастер;"Карпова 	Дарья Валерьевна";
loginDEvln2018;keXJ3o;Менеджер;"Пономарёв 	Ярослав Лаврентьевич";
loginDEayj2018;#ИМЯ?;Менеджер;"Гурьев 	Евгений Витальевич";
loginDEoby2018;*j704g;Заказчик;"Игнатова 	Марфа Артёмовна";
loginDEdje2018;Ros+rl;Заместитель директора;"Бобров 	Пётр Леонидович";
loginDEnux2018;{XMSKj;Заказчик;"Кузнецова 	Элеонора Матвеевна";
loginDEyhv2018;zNZYk{;Менеджер;"Кузьмин 	Василий Валерьевич";
loginDEuwy2018;m0S8Hy;Заместитель директора;"Копылова 	Антонина Макаровна";
loginDEkit2018;Zx89p+;Директор;"Кабанов 	Гордей Геласьевич";
loginDEzfi2018;VbhJh*;Заместитель директора;"Мельникова 	Прасковья Мстиславовна";
loginDEbhd2018;a80d5I;Менеджер;"Громов 	Куприян Святославович";
loginDEpul2018;1y2EaM;Менеджер;"Капустин 	Федот Русланович";
loginDEsyc2018;IX+1o1;Менеджер;"Герасимов 	Донат Ефимович";
loginDEmqf2018;*eh|rQ;Менеджер;"Панова 	Тамара Протасьевна";
loginDEhjw2018;dFb{aw;Мастер;"Ефремов 	Дмитрий Мартынович";
loginDEcjd2018;F4Qv}x;Директор;"Поляков 	Евсей Алексеевич";
loginDElnh2018;D+83Ot;Заказчик;"Беспалов 	Еремей Мартынович";
loginDEebx2018;WTBC7e;Мастер;"Тарасова 	Ксения Олеговна";
loginDEtbf2018;}g|DE+;Заместитель директора;"Кулаков 	Протасий Глебович";
loginDEpjz2018;V8ArPO;Заместитель директора;"Соловьёва 	Любовь Онисимовна";
loginDEfpm2018;oJ7&bs;Менеджер;"Владимиров 	Геннадий Еремеевич";
loginDEdrx2018;*SZ7TL;Директор;"Некрасова 	Клавдия Денисовна";
loginDEykq2018;Veq1N7;Заказчик;"Казакова 	Фаина Антониновна";
loginDEthb2018;Lt7|ok;Директор;"Сазонов 	Протасий Игоревич";
loginDEbdb2018;nxULDN;Заказчик;"Исаев 	Антон Брониславович";
loginDEysy2018;*M+eyt;Директор;"Матвеев 	Илья Федосеевич";
loginDEjrt2018;x8St23;Мастер;"Шестаков 	Всеволод Лукьевич";
loginDEwim2018;Sbe&j};Мастер;"Сергеев 	Еремей Серапионович";
loginDEbbt2018;IclO}d;Менеджер;"Молчанова 	Эмилия Мэлсовна";
loginDEwbe2018;C&n1bj;Мастер;"Комаров 	Альвиан Юлианович";
loginDEgcb2018;St&dIw;Менеджер;"Щукина 	Клавдия Куприяновна";
loginDEvai2018;7dX5WR;Заказчик;"Суханов 	Лукий Ростиславович";
loginDErbv2018;7NrYfL;Менеджер;"Мишина 	Глафира Вадимовна";
loginDEyis2018;qcBZOv;Директор;"Бобылёв 	Якун Альбертович";
loginDEmiy2018;dK6+AE;Менеджер;"Маслов 	Геннадий Куприянович";
loginDExrj2018;WJrQlq;Заказчик;"Кириллов 	Серапион Всеволодович";
loginDEtyl2018;C4f}5e;Менеджер;"Горшкова 	Людмила Филатовна";
loginDEvrn2018;AfSRZI;Директор;"Тарасова 	Людмила Макаровна";
loginDEqoa2018;NUeFuT;Директор;"Русаков 	Ярослав Агафонович";
loginDEyin2018;eikez3;Мастер;"Ефремова 	Варвара Иринеевна";
loginDEwpz2018;eMn{Kl;Мастер;"Игнатьев 	Федосей Парфеньевич";
loginDEdmj2018;J+}Wvc;Мастер;"Степанова 	Маргарита Ильяовна";
loginDEooq2018;pSp9XX;Менеджер;"Блохина 	Александра Митрофановна";
loginDEjoa2018;kChmEo;Мастер;"Яковлев 	Фёдор Мартынович";
loginDEszj2018;B6&cJf;Директор;"Журавлёва 	Пелагея Витальевна";
loginDEhzm2018;D*pP0+;Заказчик;"Корнилов 	Филат Артёмович";
loginDEsep2018;sG40du;Заказчик;"Ковалёв 	Павел Денисович";
loginDEhiq2018;IbJ}qw;Мастер;"Петров 	Вадим Мэлорович";
loginDEmww2018;ukBtoC;Заказчик;"Нестеров 	Альберт Мстиславович";
loginDEgju2018;C7nYc{;Заместитель директора;"Терентьева 	Вероника Протасьевна";
loginDEcyg2018;UQA1Uu;Мастер;"Белоусов 	Евсей Николаевич";
loginDEjyc2018;cj9ECm;Мастер;"Лебедев 	Парфений Якунович";
loginDEvxf2018;yS2WHF;Мастер;"Наумов 	Мстислав Павлович";
loginDEajj2018;hzO1*o;Директор;"Поляков 	Яков Юлианович";
loginDEjre2018;Ea5FeF;Мастер;"Самойлова 	Клавдия Владленовна";
loginDEelw2018;8m|p+S;Заместитель директора;"Гусева 	Алина Васильевна";
loginDEkea2018;82af{y;Заказчик;"Тимофеева 	Елизавета Мэлсовна";
loginDExkx2018;8uXYWo;Менеджер;"Гурьева 	Кира Варламовна";
loginDEyxm2018;*DB|&d;Директор;"Родионов 	Святослав Олегович";
loginDEuzv2018;|6J|mm;Менеджер;"Белов 	Геласий Серапионович";
loginDEyaa2018;8}w*yf;Заказчик;"Уваров 	Руслан Иринеевич";
loginDEgpt2018;Gao1gX;Заказчик;"Сафонов 	Станислав Григорьевич";
loginDEojz2018;N50|5T;Директор;"Игнатьев 	Алексей Вадимович";
loginDEzqo2018;HHG+eY;Заместитель директора;"Елисеев 	Евсей Борисович";
loginDEkfs2018;q}b+Tf;Заместитель директора;"Воронцов 	Валерьян Даниилович";
loginDEqql2018;QHE5zz;Мастер;"Князев 	Егор Донатович";
loginDEmjf2018;p+u{vH;Менеджер;"Ковалёва 	Мария Максимовна";
loginDEjjx2018;DP|ubQ;Директор;"Авдеев 	Константин Станиславович";
loginDEtch2018;TsU4a5;Директор;"Семёнова 	Жанна Онисимовна";
loginDEpll2018;J9pnJW;Мастер;"Устинова 	Милица Георгьевна";
loginDEqcb2018;oMOLh+;Директор;"Исаева 	Елена Валерьяновна";
loginDEivc2018;Ci52qh;Заместитель директора;"Сорокин 	Лаврентий Аркадьевич";
loginDEybw2018;d+t136;Заместитель директора;"Наумова 	Пелагея Лукьяновна";
loginDEtqn2018;IdjLc2;Менеджер;"Фадеев 	Христофор Вячеславович";
loginDEtby2018;36YniT;Заместитель директора;"Блохин 	Богдан Улебович";
loginDEnrq2018;pn{5RN;Директор;"Громова 	Фаина Лаврентьевна";
loginDEill2018;5c|dSJ;Заказчик;"Зыков 	Богдан Леонидович";
loginDErzp2018;W6rx|w;Заместитель директора;"Савельева 	Прасковья Георгьевна";
loginDEjgq2018;gJEYkn;Мастер;"Петухова 	Элеонора Ильяовна";
loginDEbho2018;AFvMyh;Мастер;"Морозова 	Клавдия Святославовна";
loginDErvi2018;|9LJNA;Директор;"Колесников 	Пантелеймон Якунович";
loginDEifv2018;V61gmp;Мастер;"Орехова 	Агафья Пантелеймоновна";
loginDEqkn2018;KdU6uK;Заказчик;"Фадеев 	Виталий Анатольевич";
loginDExbf2018;Vl9R|I;Заказчик;"Блинова 	Прасковья Агафоновна";
loginDEwkl2018;415qNv;Заместитель директора;"Игнатова 	Нинель Лаврентьевна";
loginDEqwd2018;Ix4V{i;Менеджер;"Савин 	Донат Ярославович";
loginDEjno2018;kuLGGL;Директор;"Романов 	Аристарх Ильяович";
loginDEpgp2018;q|Ov9c;Заместитель директора;"Мишин 	Эдуард Фёдорович";
loginDEwua2018;*tyvel;Менеджер;"Макарова 	Маргарита Всеволодовна";
loginDExdd2018;rp22fO;Директор;"Носкова 	Нинель Иринеевна";
loginDEmom2018;0gSoaA;Заказчик;"Суворов 	Егор Гордеевич";
loginDEfxd2018;uZm+f6;Мастер;"Савельева 	Олимпиада Данииловна";
loginDEfiy2018;nBm{qt;Заместитель директора;"Ершова 	Василиса Ярославовна";
loginDEnxj2018;Y+Yif+;Менеджер;"Антонов 	Андрей Георгьевич";
loginDEcbu2018;zLj0GQ;Менеджер;"Ефимова 	Ираида Митрофановна";
loginDExbv2018;71t|e{;Заказчик;"Субботин 	Максим Георгьевич";
loginDEwcj2018;AMXhqA;Мастер;"Тетерин 	Христофор Степанович";
loginDEsmd2018;ZWSZHe;Менеджер;"Абрамов 	Игорь Семёнович";
loginDEtug2018;b{7&Zf;Директор;"Казаков 	Онисим Анатольевич";
loginDEcsu2018;HOFZa6;Заместитель директора;"Нестеров 	Андрей Даниилович";
loginDEfse2018;axoHxw;Директор;"Медведев 	Эдуард Антонович";
loginDEgcl2018;swu*ZT;Мастер;"Логинова 	Элеонора Дмитрьевна";
loginDEmzj2018;crY1JZ;Заместитель директора;"Сергеев 	Георгий Кимович";
loginDEvut2018;Y7Mm*Y;Директор;"Медведьев 	Федосей Агафонович";
loginDEwkn2018;2*lKn+;Мастер;"Ширяева 	Наина Васильевна";
loginDEbwn2018;rr&WdV;Заместитель директора;"Кузьмина 	Лукия Авдеевна";
loginDEzgc2018;UHIU&T;Заместитель директора;"Шестакова 	Иванна Ярославовна";
loginDEzta2018;cMVEpF;Менеджер;"Соболев 	Даниил Николаевич";
loginDEsld2018;s1Ndyp;Менеджер;"Петрова 	Агафья Константиновна";
loginDEvgu2018;m8VeJw;Менеджер;"Кудрявцев 	Евгений Александрович";
loginDEqbh2018;GZq4nd;Заместитель директора;"Хохлов 	Семён Авдеевич";
loginDEokf2018;X3+RZ0;Директор;"Нестеров 	Анатолий Донатович";
loginDEcbi2018;UrluYp;Мастер;"Киселёв 	Анатолий Альвианович";
loginDEgza2018;PXAA7c;Менеджер;"Нестеров 	Анатолий Павлович";
loginDEswq2018;Rm&++t;Менеджер;"Рогов 	Никита Вячеславович";
loginDEqxo2018;8iqEG*;Директор;"Пестов 	Николай Константинович";
loginDEguz2018;7wsWd4;Мастер;"Сергеева 	Зоя Пётровна";
loginDEaro2018;LE}Woo;Заместитель директора;"Матвиенко 	Фаина Демьяновна";
loginDEaea2018;OQ8Kfz;Заказчик;"Кулаков 	Авдей Донатович";
loginDEzhp2018;16+8Jh;Заказчик;"Дмитриев 	Владислав Аркадьевич";
loginDEtzs2018;D9G6j1;Директор;"Шестакова 	Евдокия Авксентьевна";
loginDEvem2018;HiD*0c;Директор;"Блинов 	Мэлор Ильяович";
loginDEvzy2018;T5Qaaa;Заказчик;"Щукин 	Федосей Павлович";
loginDErjn2018;5FMXpr;Мастер;"Русаков 	Всеволод Игнатьевич";
loginDEiam2018;b+*n+0;Мастер;"Субботина 	Оксана Геннадьевна";
loginDEyff2018;LB&hR+;Заместитель директора;"Дорофеева 	Надежда Богдановна";
loginDEykt2018;XQlo|S;Директор;"Щукина 	Надежда Германновна";
loginDEcpb2018;|Be{Wn;Директор;"Моисеева 	Надежда Протасьевна";
loginDEkww2018;KzFIWJ;Заказчик;"Козлова 	Мария Валерьяновна";
loginDEldo2018;oWfgBB;Менеджер;"Трофимова 	Наталья Семёновна";
loginDExhi2018;l6eiog;Заказчик;"Ефремов 	Дамир Яковович";
loginDEltt2018;vJCz+l;Директор;"Нестерова 	Алина Ростиславовна";
loginDEaim2018;HdgRJI;Мастер;"Лазарев 	Святослав Олегович";
loginDEndh2018;JUYAwS;Менеджер;"Поляков 	Мэлор Геннадьевич";
loginDEpvn2018;v18sXi;Заказчик;"Молчанов 	Лукий Митрофанович";
loginDEcxl2018;2ToouN;Мастер;"Семёнова 	Алина Эдуардовна";
loginDEclw2018;h5Q{Nx;Заместитель директора;"Николаев 	Руслан Варламович";
loginDEwik2018;DS{WpL;Директор;"Костин 	Андрей Иринеевич";
loginDEjyb2018;om9BwD;Заказчик;"Карпов 	Артём Кимович";
loginDEndc2018;r3RSO9;Директор;"Орехова 	Мария Станиславовна";
loginDEjhx2018;cQlCrZ;Заместитель директора;"Зуев 	Глеб Игнатьевич";
loginDEqjm2018;thu8kK;Заместитель директора;"Аксёнова 	Нинель Кондратовна";
loginDElag2018;NupBH|;Заказчик;"Никитин 	Аркадий Дмитрьевич";
loginDEsct2018;1j*J8T;Мастер;"Тетерин 	Ириней Викторович";
loginDEvoe2018;zC6|UG;Менеджер;"Дорофеев 	Александр Авдеевич";
loginDEklg2018;l9|xfT;Менеджер;"Стрелков 	Борис Альбертович";
loginDEpzs2018;AVm+Oj;Мастер;"Уваров 	Макар Юрьевич";
loginDEala2018;46+ORY;Заместитель директора;"Андреева 	Ульяна Евгеньевна";
loginDEheo2018;XiJmr9;Мастер;"Кулагин 	Матвей Якунович";
loginDEzyn2018;TSGsPV;Заказчик;"Ершова 	Элеонора Ивановна";
loginDEbir2018;ww9{S1;Менеджер;"Васильев 	Роман Матвеевич";
loginDEhmv2018;KE6+sS;Мастер;"Воронцова 	Наина Юрьевна";
loginDEldj2018;kZwuDV;Менеджер;"Ковалёв 	Аристарх Егорович";
loginDEqph2018;8OJ1yJ;Заказчик;"Ермаков 	Авдей Валентинович";
loginDEuyn2018;kSOtL9;Мастер;"Никонов 	Игорь Мстиславович";
loginDEfyh2018;04JQix;Директор;"Князев 	Дамир Валерьевич";
loginDEcvs2018;H*OqOg;Заказчик;"Фокин 	Бронислав Иванович";
loginDEqok2018;kZ6|yS;Заказчик;"Сысоев 	Даниил Даниилович";
loginDEkvs2018;0GeIOP;Директор;"Мельникова 	Оксана Валентиновна";
loginDEytr2018;|vfIq2;Мастер;"Громов 	Богдан Максимович";
loginDExid2018;FywuoL;Директор;"Фомин 	Владимир Игнатьевич";
loginDEzxk2018;}+j40i;Заместитель директора;"Соколова 	Екатерина Руслановна";
loginDEjtd2018;ODotUj;Мастер;"Лыткина 	Милица Вячеславовна";
loginDEmyz2018;gKQ4r+;Менеджер;"Панов 	Пётр Пётрович";
loginDEuvg2018;}rhenI;Директор;"Агафонов 	Егор Еремеевич";
loginDEajx2018;TaE4Dg;Менеджер;"Казаков 	Виктор Аркадьевич";
loginDEigl2018;L2J*KI;Заместитель директора;"Дроздов 	Борис Мэлорович";
loginDEoxo2018;f}*V{M;Менеджер;"Игнатьев 	Авксентий Германович";
loginDEvhm2018;DT}WrU;Заказчик;"Медведьев 	Николай Мстиславович";
loginDEvys2018;CxXb+r;Заказчик;"Медведева 	Ирина Валентиновна";
loginDEpjw2018;T*wJeK;Менеджер;"Никонов 	Виктор Русланович";
loginDElxp2018;vKdJGk;Заказчик;"Коновалов 	Владлен Юрьевич";
loginDExfm2018;mh6|JS;Заказчик;"Алексеев 	Виктор Васильевич";
loginDEcxr2018;HCt|N1;Мастер;"Суворова 	Алина Антоновна";
loginDEuqk2018;3vE*Fb;Директор;"Жуков 	Игнатий Семёнович";
loginDExeb2018;Oa}fkk;Заместитель директора;"Терентьева 	Анна Дамировна";
loginDEmri2018;s*YXSm;Мастер;"Беспалов 	Григорий Христофорович";
loginDEvmr2018;t6aouh;Заказчик;"Ермакова 	Лидия Григорьевна";
loginDEtyn2018;8qte+l;Заказчик;"Стрелкова 	Лариса Варламовна";
loginDEqqw2018;qlJ6vk;Мастер;"Костина 	Юлия Дмитрьевна";
loginDEkjs2018;A8K6dL;Мастер;"Шарапова 	Марина Павловна";
loginDEvmb2018;TY5Gd5;Заместитель директора;"Евдокимов 	Геннадий Макарович";
loginDErbm2018;D6SSd+;Директор;"Моисеев 	Лукьян Вадимович";
loginDEoez2018;j7qgHy;Мастер;"Якушева 	Лукия Васильевна";
loginDEvij2018;7hn2va;Заместитель директора;"Меркушев 	Альберт Яковович";
loginDEjgh2018;7w4c6u;Менеджер;"Вишнякова 	Ирина Агафоновна";
loginDEsrr2018;0fO0YH;Менеджер;"Медведева 	Валентина Никитевна";
loginDEocb2018;6oLNd{;Заказчик;"Кудрявцев 	Дамир Эдуардович";
loginDEpmv2018;kjE3El;Менеджер;"Беляков 	Владислав Богданович";
loginDEjov2018;zS&ClK;Заместитель директора;"Мамонтова 	Ия Лукьяновна";
loginDEafs2018;Wiw0VR;Менеджер;"Цветкова 	Алина Улебовна";
loginDEiky2018;G&fF7n;Заместитель директора;"Максимов 	Донат Игнатьевич";
loginDEoyu2018;}*E9Se;Заказчик;"Беспалова 	Надежда Владимировна";
loginDEcpi2018;8lSh*o;Заместитель директора;"Воробьёва 	Евпраксия Ильяовна";
loginDEjqp2018;zTKmDa;Заместитель директора;"Миронова 	Глафира Сергеевна";
loginDEhnh2018;m0WYQH;Заместитель директора;"Тимофеев 	Фёдор Валентинович";
loginDEuvi2018;U0W&Z&;Заказчик;"Ефимова 	Дарья Всеволодовна";
loginDEuug2018;aHl3qb;Директор;"Семёнова 	Марина Юрьевна";
loginDErmf2018;U4jeNa;Мастер;"Смирнов 	Мэлор Кондратович";
loginDEhnt2018;3X5|Jy;Заказчик;"Пономарёв 	Владлен Протасьевич";
loginDEuvr2018;wu8lYK;Директор;"Вишняков 	Никита Семёнович";
loginDEpsb2018;{O|F*N;Директор;"Ларионова 	Антонина Игнатьевна";
loginDEher2018;cTlCHC;Заказчик;"Пономарёв 	Христофор Русланович";
loginDEyzh2018;8m6+}r;Директор;"Воронова 	Алла Юлиановна";
loginDElvm2018;elWeXR;Директор;"Сергеева 	Таисия Альвиановна";
loginDEron2018;ywlASa;Заместитель директора;"Смирнов 	Евсей Сергеевич";
loginDEbzh2018;ysac1M;Заместитель директора;"Данилова 	Ангелина Аркадьевна";
loginDEnmc2018;X40l}h;Менеджер;"Лобанова 	Галина Демьяновна";
loginDEypj2018;2*3jan;Мастер;"Горшкова 	Евгения Васильевна";
loginDEwvg2018;XcZ4xF;Заместитель директора;"Зайцева 	Октябрина Станиславовна";
loginDElqo2018;TiSXX{;Заместитель директора;"Шарапова 	Глафира Мстиславовна";
loginDErhy2018;yQl65Q;Заместитель директора;"Кулагин 	Мстислав Пётрович";
loginDEoqc2018;*Cm6gW;Менеджер;"Сорокин 	Сергей Олегович";
loginDEskh2018;X{x9ae;Директор;"Кондратьев 	Альвиан Протасьевич";
loginDEvkg2018;tzCLIX;Заказчик;"Сысоев 	Анатолий Арсеньевич";
loginDEpnq2018;D69F&h;Директор;"Иванов 	Антон Степанович";
loginDEyza2018;CsA9|P;Мастер;"Попов 	Илья Филатович";
loginDEiai2018;OPjijt;Заместитель директора;"Захарова 	Маргарита Авксентьевна";
loginDEbsc2018;myJPKm;Директор;"Моисеев 	Лукий Борисович";
loginDExsn2018;lY3vnH;Мастер;"Одинцов 	Никита Игоревич";
loginDEnnv2018;rITdxe;Заказчик;"Игнатов 	Демьян Матвеевич";
loginDEqwh2018;yBJ1BR;Мастер;"Щербакова 	Октябрина Евгеньевна";
loginDEqdb2018;&S*k|o;Заместитель директора;"Баранов 	Андрей Евсеевич";
loginDExdk2018;qZhYRF;Директор;"Самойлов 	Агафон Юлианович";
loginDEgwd2018;AVPVNQ;Менеджер;"Кабанова 	Таисия Донатовна";
loginDExvb2018;QC7KQ0;Менеджер;"Евсеева 	Тамара Эдуардовна";
loginDEdhh2018;WpZhYf;Заказчик;"Лапина 	Фёкла Мстиславовна";
loginDErhx2018;iCAe1v;Директор;"Дроздов 	Владислав Эдуардович";
loginDEenm2018;2s1Lxh;Менеджер;"Орехова 	Ираида Николаевна";
loginDEwqd2018;MF2TkC;Мастер;"Брагина 	Анастасия Кимовна";
loginDEwom2018;fU+Q0O;Заказчик;"Большаков 	Лаврентий Валерьевич";
loginDEngr2018;#ИМЯ?;Заказчик;"Меркушева 	Евдокия Кимовна";
loginDEjpa2018;cagBg7;Директор;"Быкова 	Надежда Авксентьевна";
loginDEpgx2018;c**OJQ;Мастер;"Бурова 	Екатерина Ефимовна";
loginDEnng2018;E{1p}t;Заказчик;"Беспалов 	Михаил Фёдорович";
loginDEtmh2018;ZQ2*|q;Мастер;"Марков 	Вячеслав Владимирович";
loginDEcbm2018;puJ4i1;Директор;"Дорофеева 	Марина Никитевна";
loginDEfae2018;pa&d4a;Мастер;"Блохин 	Парфений Владленович";
loginDEqzo2018;Gy3lzx;Менеджер;"Самсонов 	Альвиан Игнатьевич";
loginDEcan2018;SZKNx{;Мастер;"Орехова 	Наина Кондратовна";
loginDEobl2018;K+rV}b;Директор;"Борисов 	Геннадий Вячеславович";
loginDEeyg2018;TOcMjG;Заместитель директора;"Афанасьев 	Владлен Евгеньевич";
loginDEdld2018;6OKEWQ;Директор;"Колобова 	Алина Парфеньевна";
loginDErvs2018;V7Rly7;Менеджер;"Туров 	Христофор Филатович";
loginDEpux2018;NrtA{k;Мастер;"Мартынов 	Олег Олегович";
loginDEgwm2018;S2JKft;Мастер;"Давыдова 	Елена Георгьевна";
loginDEecp2018;iOJ*u2;Директор;"Лапин 	Павел Макарович";
loginDEvbv2018;4X6wL5;Заместитель директора;"Громова 	Ульяна Егоровна";
loginDErxe2018;0egZd8;Директор;"Нестерова 	Нина Юрьевна";
loginDEart2018;hnNvJ6;Заместитель директора;"Захаров 	Фёдор Викторович";
loginDEqwf2018;YD3ird;Менеджер;"Артемьева 	Вероника Улебовна";
loginDEszy2018;nq+dxM;Директор;"Зайцев 	Аристарх Егорович";
loginDEbvt2018;dQdmQF;Менеджер;"Галкин 	Авксентий Ильяович";
loginDEkws2018;fZj28G;Директор;"Матвеев 	Павел Еремеевич";
loginDEizo2018;0wQJ2L;Менеджер;"Ершов 	Федосей Геласьевич";
loginDEnnf2018;z|t5P{;Мастер;"Гущина 	Нонна Ефимовна";
loginDEcpv2018;|titk+;Директор;"Матвеев 	Яков Христофорович";
loginDEnsx2018;czRSi3;Заказчик;"Рожкова 	Пелагея Геннадьевна";
loginDEazz2018;uhLV9n;Мастер;"Щербакова 	Агата Матвеевна";
loginDEjkw2018;8I8Yk1;Заместитель директора;"Александрова 	Иванна Лаврентьевна";
loginDEtri2018;0VC{f|;Менеджер;"Моисеев 	Фёдор Мэлсович";
loginDEdlw2018;4tyo1M;Заказчик;"Трофимов 	Ярослав Валентинович";
loginDEght2018;E3k7zP;Заместитель директора;"Кондратьев 	Аркадий Михаилович";
loginDEhzq2018;QhSJos;Мастер;"Мартынов 	Матвей Антонович";
loginDEwia2018;qVG5zl;Заместитель директора;"Лыткин 	Сергей Агафонович";
loginDEwmh2018;YTtWqJ;Заказчик;"Тимофеев 	Федот Германнович";
loginDEndq2018;cv7LdO;Заказчик;"Евсеева 	Ксения Георгьевна";
loginDErid2018;vMG+ko;Директор;"Гришина 	Глафира Мэлсовна";
loginDExxh2018;UgbzHK;Заместитель директора;"Фёдоров 	Аркадий Николаевич";
loginDEwoz2018;vAuXEx;Заказчик;"Гурьев 	Пётр Федотович";
loginDEdjc2018;x*slLs;Заместитель директора;"Марков 	Александр Созонович";
loginDEgzq2018;FwZalk;Заместитель директора;"Попов 	Фрол Серапионович";
loginDEefa2018;O6TkFS;Директор;"Жуков 	Тихон Германович";
loginDEcdn2018;1MtIz};Заместитель директора;"Самсонова 	Феврония Арсеньевна";
loginDEgwc2018;zWQpyU;Заказчик;"Попова 	Татьяна Артёмовна";
loginDEefc2018;Zaj{+Y;Менеджер;"Богданов 	Егор Андреевич";
loginDEjef2018;J+F{R1;Менеджер;"Третьяков 	Аристарх Геннадьевич";
loginDEpib2018;VeJY8o;Директор;"Вишнякова 	Людмила Евгеньевна";
loginDEekp2018;wvC|+L;Директор;"Горшкова 	Полина Якововна";
loginDEjzb2018;lRjz+1;Мастер;"Соболева 	Валентина Созоновна";
loginDEdqb2018;w+Sx*+;Директор;"Ковалёва 	Феврония Всеволодовна";
loginDEptn2018;NXXNVO;Заместитель директора;"Иван 	Викторовна";
loginDEcna2018;c4RbaU;Заместитель директора;"Евсеев 	Денис Борисович";
loginDEdrj2018;eD*hjv;Заказчик;"Степанов 	Виталий Лукьевич";
loginDEjrm2018;Cpb+Im;Мастер;"Никифоров 	Всеволод Иванович";
loginDEpxl2018;P6h4Jq;Менеджер;"Воронов 	Донат Никитевич";
loginDEwgk2018;&mfI9l;Мастер;"Игнатьева 	Евгения Валентиновна";
loginDEpou2018;gX3f5Z;Заместитель директора;"Буров 	Федот Егорович";
loginDEjwl2018;D4ZYHt;Заказчик;"Иван 	Семёновна";
loginDEabf2018;*Tasm+;Заместитель директора;"Денисов 	Дамир Филатович";
loginDEwjm2018;k}DJKo;Заместитель директора;"Ершов 	Максим Геласьевич";
loginDEjvz2018;&|bGTy;Директор;"Копылов 	Куприян Пётрович";
loginDEuyv2018;8hhrZ};Заказчик;"Носов 	Валерьян Дмитрьевич";
loginDExdm2018;DH68L9;Заместитель директора;"Силин 	Игорь Авдеевич";
loginDEeiv2018;H*BxlS;Менеджер;"Дроздова 	Александра Мартыновна";
loginDEfuc2018;VuM+QT;Директор;"Дроздов 	Аркадий Геласьевич";
loginDEoot2018;usi{aT;Мастер;"Боброва 	Варвара Евсеевна";
loginDElhk2018;Okk0jY;Заказчик;"Чернова 	Агата Данииловна";
loginDEazg2018;s3bb|V;Директор;"Лыткина 	Ульяна Станиславовна";
loginDEaba2018;#ИМЯ?;Заместитель директора;"Лаврентьев 	Леонид Игнатьевич";
loginDEtco2018;tTKDJB;Мастер;"Кулаков 	Юрий Владленович";
loginDEsyq2018;2QbpBN;Менеджер;"Соловьёв 	Андрей Александрович";
loginDEpxi2018;+5X&hy;Заместитель директора;"Корнилова 	Марфа Макаровна";
loginDEicr2018;3+|Sn{;Заместитель директора;"Белоусова 	Любовь Георгьевна";
loginDEcui2018;Zi1Tth;Менеджер;"Анисимов 	Никита Гордеевич";
loginDEpxc2018;G+nFsv;Директор;"Стрелкова 	Фаина Федосеевна";
loginDEqrd2018;sApUbt;Менеджер;"Осипов 	Евгений Иванович";
loginDEsso2018;#ИМЯ?;Директор;"Владимирова 	Иванна Павловна";
loginDErsy2018;{Aa6nS;Заместитель директора;"Кудрявцева 	Жанна Демьяновна";
loginDEvpz2018;mS0UxK;Мастер;"Матвиенко 	Яков Брониславович";
loginDEfog2018;glICay;Директор;"Селезнёв 	Егор Артёмович";
loginDEpii2018;Ob}RZB;Заместитель директора;"Брагин 	Куприян Митрофанович";
loginDEhyk2018;*gN}Tc;Директор;"Гордеев 	Виктор Эдуардович";
loginDEdxi2018;ywLUbA;Заместитель директора;"Мартынов 	Онисим Брониславович";
loginDEzro2018;B24s6o;Заместитель директора;"Никонова 	Евгения Павловна";
loginDEuxg2018;K8jui7;Директор;"Полякова 	Анна Денисовна";
loginDEllw2018;jNtNUr;Заказчик;"Макарова 	Пелагея Антониновна";
loginDEddg2018;gGGhvD;Заказчик;"Андреева 	Анна Вячеславовна";
loginDEpdz2018;#ИМЯ?;Заказчик;"Кудрявцева 	Кира Ефимовна";
loginDEyiw2018;cnj3QR;Менеджер;"Шилова 	Кира Егоровна";
loginDEqup2018;95AU|R;Менеджер;"Ситников 	Игорь Борисович";
loginDExil2018;w+++Ht;Заказчик;"Русаков 	Борис Христофорович";
loginDEkuv2018;Ade++|;Заместитель директора;"Капустина 	Ульяна Игоревна";
loginDEmox2018;Je}9e7;Менеджер;"Беляков 	Семён Германнович";
loginDEvug2018;lEa{Cn;Мастер;"Гурьев 	Ириней Игнатьевич";
loginDEzre2018;N*VX+G;Заказчик;"Мишин 	Христофор Леонидович";
loginDEbes2018;NaVtyH;Директор;"Лазарева 	Антонина Христофоровна";
loginDEkfg2018;r1060q;Заместитель директора;"Маркова 	Ираида Сергеевна";
loginDEyek2018;KY2BL4;Мастер;"Носкова 	Пелагея Валерьевна";
loginDEloq2018;NZV5WR;Мастер;"Баранов 	Станислав Дмитрьевич";
loginDEjfb2018;TNT+}h;Директор;"Ефремов 	Демьян Артёмович";
loginDEueq2018;GqAUZ6;Мастер;"Константинов 	Всеволод Мэлсович";
loginDEpqz2018;F0Bp7F;Заказчик;"Ситникова 	Ираида Андреевна";
loginDEovk2018;JyJM{A;Директор;"Матвеев 	Кондрат Иванович";
loginDEhej2018;K9Z5Vp;Мастер;"Носков 	Альвиан Онисимович";
loginDEqrj2018;PC2nrX;Менеджер;"Степанова 	Любовь Мэлсовна";
loginDEqca2018;hLEkgV;Заказчик;"Кононов 	Авдей Протасьевич";
loginDElme2018;|wu0n4;Заказчик;"Ларионов 	Макар Якунович";
loginDEfnf2018;6cftrw;Заказчик;"Пахомова 	Эмилия Геласьевна";
loginDEpbt2018;}}vuSH;Заказчик;"Сысоев 	Виктор Варламович";
loginDEhdc2018;iF+GK&;Заказчик;"Денисова 	Ия Филатовна";
loginDEcox2018;y+vRV{;Менеджер;"Лобанова 	Акулина Игоревна";
loginDEsds2018;SxMndn;Заказчик;"Жуков 	Максим Николаевич";
loginDEbye2018;sHjuzU;Заказчик;"Александрова 	Анжелика Евгеньевна";
loginDEakk2018;f5aZnV;Директор;"Коновалов 	Игнатий Юлианович";
loginDEmrf2018;uEB&n4;Директор;"Михайлов 	Ростислав Вадимович";
loginDEyje2018;zxEUoz;Менеджер;"Шаров 	Герман Митрофанович";
loginDEhqg2018;0Z4{o3;Заказчик;"Воронцова 	Нонна Дмитрьевна";
loginDExyv2018;wSMsO2;Заказчик;"Хохлова 	Мария Тихоновна";
loginDEwoq2018;0RQ1nZ;Директор;"Уваров 	Федосей Донатович";
loginDEkbf2018;mBqfYS;Менеджер;"Андреева 	Нина Михаиловна";
loginDEwtx2018;Ig3rQJ;Менеджер;"Новиков 	Николай Мэлсович";
loginDEhio2018;3Aaqne;Мастер;"Жданова 	Анна Еремеевна";
loginDEome2018;hAOrBa;Заказчик;"Егорова 	Фёкла Кондратовна";
loginDEflj2018;alo84u;Заказчик;"Зиновьев 	Лукий Владимирович";
loginDEnei2018;M2pIA8;Заказчик;"Пахомов 	Протасий Артёмович";
loginDEzbo2018;8km&kZ;Мастер;"Рожков 	Дамир Ростиславович";
loginDEsdu2018;}MbQZe;Менеджер;"Наумова 	Лариса Антоновна";
loginDEklp2018;kecK{O;Директор;"Кузьмин 	Максим Антонинович";
loginDEzdc2018;Zf8mx0;Заместитель директора;"Беспалов 	Демьян Алексеевич";
loginDEkzp2018;G*n9OB;Директор;"Суханов 	Мартын Глебович";
loginDEdqe2018;Gzy&A6;Директор;"Сергеев 	Никита Валентинович";
loginDElmm2018;dbX7VE;Менеджер;"Пахомова 	Тамара Владиславовна";
loginDEnhf2018;PlKjdc;Заместитель директора;"Герасимов 	Демьян Никитевич";
loginDEcrj2018;FI&nQq;Директор;"Гришина 	Феврония Егоровна";
loginDExhd2018;8sE1Q5;Мастер;"Козлова 	Вера Георгьевна";
loginDEgcs2018;hNDB+t;Заместитель директора;"Лазарева 	Мария Сергеевна";
loginDEmub2018;RDXGd1;Директор;"Медведьев 	Василий Варламович";
loginDEqms2018;|uq7Lb;Мастер;"Орлов 	Виктор Павлович";
loginDEvqe2018;wJzfcY;Заказчик;"Журавлёв 	Агафон Мэлсович";
loginDEupi2018;WNX1|z;Заказчик;"Тимофеев 	Мартын Еремеевич";
loginDEwka2018;y}vBjg;Менеджер;"Ларионов 	Мартын Геласьевич";
loginDEkkb2018;#ИМЯ?;Заместитель директора;"Белозёров 	Андрей Николаевич";
loginDEeni2018;mpWg+d;Заказчик;"Пономарёв 	Дмитрий Гордеевич";
loginDEset2018;CTN+IM;Мастер;"Белозёрова 	Юлия Ростиславовна";
loginDEmii2018;B84UwV;Менеджер;"Щербаков 	Александр Федотович";
loginDEikh2018;3yKW4y;Директор;"Артемьев 	Даниил Филатович";
loginDEaqv2018;nl0D9i;Заказчик;"Зиновьев 	Дамир Ефимович";
loginDErgc2018;Hr9YpQ;Заказчик;"Туров 	Лукий Альбертович";
loginDEntg2018;pVmHC0;Директор;"Смирнова 	Мария Иринеевна";
loginDEbuk2018;gLK7UQ;Директор;"Крюкова 	Октябрина Геннадьевна";
loginDEsib2018;pM3n0J;Менеджер;"Медведева 	Мария Антониновна";
loginDEmqs2018;KRp6IW;Мастер;"Назаров 	Степан Макарович";
loginDEljn2018;368eRp;Мастер;"Николаева 	Василиса Всеволодовна";
loginDEppn2018;6}i+FD;Мастер;"Ефремов 	Сергей Пантелеймонович";
loginDElqb2018;RNynil;Заказчик;"Родионова 	Тамара Валентиновна";
loginDEydn2018;34I}X9;Заместитель директора;"Миронова 	Галина Улебовна";
loginDEijg2018;4QlKJW;Заместитель директора;"Сидоров 	Роман Иринеевич";
loginDEdpy2018;MJ0W|f;Директор;"Ситников 	Парфений Всеволодович";
loginDEwdm2018;&PynqU;Директор;"Никонов 	Роман Геласьевич";
loginDEdup2018;JM+2{s;Директор;"Щербаков 	Владимир Матвеевич";
loginDEhbm2018;9aObu4;Заместитель директора;"Кулаков 	Мартын Михаилович";
loginDExvq2018;hX0wJz;Мастер;"Сазонова 	Оксана Лаврентьевна";
loginDErks2018;LQNSjo;Мастер;"Архипов 	Варлам Мэлорович";
loginDErvb2018;ceAf&R;Директор;"Устинова 	Ираида Мэлоровна";
loginDEulo2018;#ИМЯ?;Заказчик;"Лукин 	Георгий Альбертович";
loginDEgfw2018;3c2Ic1;Заказчик;"Кононов 	Эдуард Валентинович";
loginDEmxb2018;ZPXcRS;Мастер;"Орехова 	Клавдия Альбертовна";
loginDEgeq2018;&&Eim0;Директор;"Яковлев 	Яков Эдуардович";
loginDEkhj2018;Pbc0t{;Заказчик;"Воронов 	Мэлс Семёнович";
loginDEliu2018;32FyTl;Мастер;"Вишнякова 	Ия Данииловна";
loginDEsmf2018;{{O2QG;Заместитель директора;"Третьяков 	Фёдор Вадимович";
loginDEutd2018;GbcJvC;Заказчик;"Макаров 	Максим Ильяович";
loginDEpgh2018;YV2lvh;Заместитель директора;"Шубина 	Маргарита Анатольевна";
loginDEvop2018;pBP8rO;Заместитель директора;"Блинова 	Ангелина Владленовна";
loginDEwjo2018;EQaD|d;Заместитель директора;"Воробьёв 	Владлен Фролович";
loginDEbur2018;aZKGeI;Директор;"Сорокина 	Прасковья Фёдоровна";
loginDEszw2018;EGU{YE;Менеджер;"Давыдов 	Яков Антонович";
loginDExsu2018;*2RMsp;Мастер;"Рыбакова 	Евдокия Анатольевна";
loginDEztn2018;nJBZpU;Заказчик;"Маслов 	Геннадий Фролович";
loginDEtmn2018;UObB}N;Директор;"Цветкова 	Элеонора Аристарховна";
loginDEhep2018;SwRicr;Мастер;"Евдокимов 	Ростислав Александрович";
loginDEevr2018;zO5l}l;Мастер;"Никонова 	Венера Станиславовна";
loginDEnpa2018;M*QLjf;Директор;"Громов 	Егор Антонович";
loginDEgyt2018;Pav+GP;Менеджер;"Суворова 	Валерия Борисовна";
loginDEbrr2018;Z7L|+i;Заместитель директора;"Мишина 	Елизавета Романовна";
loginDEyoo2018;UG1BjP;Заместитель директора;"Зимина 	Ольга Аркадьевна";
loginDEaob2018;3fy+3I;Заместитель директора;"Игнатьев 	Игнатий Антонинович";
loginDEwtz2018;&GxSST;Мастер;"Пахомова 	Зинаида Витальевна";
loginDEctf2018;sjt*3N;Заместитель директора;"Устинов 	Владимир Федосеевич";
loginDEipm2018;MAZl6|;Заместитель директора;"Кулаков 	Мэлор Вячеславович";
loginDEjoi2018;o}C4jv;Заместитель директора;"Сазонов 	Авксентий Брониславович";
loginDEwap2018;4hny7k;Директор;"Бурова 	Наина Брониславовна";
loginDEaxm2018;BEc3xq;Заместитель директора;"Фадеев 	Демьян Федосеевич";
loginDEsmq2018;ATVmM7;Директор;"Бобылёва 	Дарья Якуновна";
loginDEeur2018;n4V{wP;Заместитель директора;"Виноградов 	Созон Арсеньевич";
loginDEvke2018;WQLXSl;Менеджер;"Гордеев 	Владлен Ефимович";
loginDEvod2018;0EW93v;Мастер;"Иванова 	Зинаида Валерьевна";
loginDEjaw2018;h6z&Ky;Мастер;"Гусев 	Руслан Дамирович";
loginDEpdp2018;8NvRfC;Заместитель директора;"Маслов 	Дмитрий Иванович";
loginDEjpp2018;oMOQq3;Заказчик;"Антонова 	Ульяна Семёновна";
loginDEkiy2018;BQzsts;Мастер;"Орехова 	Людмила Владимировна";
loginDEhmn2018;a|Iz|7;Мастер;"Авдеева 	Жанна Куприяновна";
loginDEfmn2018;cw3|03;Менеджер;"Кузнецов 	Фрол Варламович";
loginDErfg2018;5ovb1N;Заказчик;"Лихачёв 	Онисим Гордеевич";
loginDEymi2018;nR0+pI;Заместитель директора;"Рожков 	Тихон Владиславович";
loginDEnbi2018;Ed*JQP;Мастер;"Павлов 	Максим Фёдорович";
loginDEhvg2018;SaHv6w;Директор;"Шилов 	Матвей Альбертович";
loginDEmbg2018;Fou{d3;Мастер;"Шаров 	Федосей Юрьевич";
loginDEubq2018;{jzW2v;Мастер;"Медведева 	Пелагея Мартыновна";
loginDEosl2018;O3O}we;Менеджер;"Медведев 	Григорий Агафонович";
loginDErog2018;&W4Wtq;Менеджер;"Соколова 	Марфа Всеволодовна";
loginDEsku2018;fUldqr;Заместитель директора;"Петухова 	Василиса Еремеевна";
loginDEatu2018;}nGbhZ;Заместитель директора;"Беспалова 	Галина Дмитрьевна";
loginDEhks2018;XV|+W4;Заказчик;"Андреева 	Александра Владиславовна";
loginDEzbl2018;ih4xKJ;Директор;"Селезнёв 	Федот Валентинович";
loginDEoxa2018;mL+97r;Мастер;"Вишняков 	Сергей Иванович";
loginDEssm2018;oBrTGr;Заместитель директора;"Зимин 	Василий Русланович";
loginDEzxw2018;pX&AsH;Директор;"Фадеева 	Регина Онисимовна";
loginDEkzo2018;n3es*S;Менеджер;"Артемьев 	Варлам Альбертович";
loginDEdaq2018;dWsvBS;Заместитель директора;"Щербаков 	Лукий Онисимович";
loginDEnjd2018;0&3HHn;Менеджер;"Горбунов 	Матвей Сергеевич";
loginDEluw2018;S3wj{I;Менеджер;"Зиновьева 	Варвара Антоновна";
loginDEole2018;p+kvb6;Заказчик;"Фролов 	Юрий Варламович";
loginDEebl2018;#ИМЯ?;Заместитель директора;"Ларионова 	Василиса Владимировна";
loginDEfug2018;z|6cXV;Менеджер;"Силин 	Вячеслав Валерьевич";
loginDEgfx2018;GFSZAB;Директор;"Герасимова 	Феврония Валерьяновна";
loginDEtww2018;4icZTg;Мастер;"Пономарёва 	Вера Руслановна";
loginDElyc2018;#ИМЯ?;Менеджер;"Медведьев 	Руслан Богданович";
loginDEcbd2018;GwG*p6;Директор;"Владимиров 	Геласий Пантелеймонович";
loginDEcay2018;ehtG*H;Мастер;"Корнилов 	Иван Игоревич";
loginDEmel2018;8zmoSV;Заместитель директора;"Иван 	Вячеславовна";
loginDEhqk2018;KBc4A+;Директор;"Ермакова 	Зинаида Данииловна";
loginDEkny2018;v2+4Ro;Директор;"Пахомова 	Элеонора Григорьевна";
loginDEmda2018;sG+NF0;Директор;"Гущина 	Вера Ефимовна";
loginDEhhf2018;d+GS5y;Заместитель директора;"Полякова 	Антонина Андреевна";
loginDEilc2018;eyRufZ;Заказчик;"Зуева 	Марина Ильяовна";
loginDEwfv2018;ZSUiGT;Заместитель директора;"Агафонов 	Агафон Максимович";
loginDEozn2018;nndP3Q;Директор;"Архипов 	Агафон Игоревич";
loginDEbtr2018;FdZrI3;Менеджер;"Лапина 	Иванна Аристарховна";
loginDEcuf2018;aOdzYf;Мастер;"Маслова 	Мария Аристарховна";
loginDEtye2018;MEJjQt;Заместитель директора;"Русаков 	Василий Куприянович";
loginDEncq2018;GgG3m0;Мастер;"Николаева 	Евдокия Пётровна";
loginDEtmt2018;}FOh*};Заказчик;"Прохоров 	Олег Брониславович";
loginDEyqb2018;xLmuQq;Заказчик;"Зайцев 	Макар Владленович";
loginDExld2018;a8Vjkx;Мастер;"Жданов 	Сергей Гордеевич";
loginDEnig2018;Cm00D0;Заказчик;"Нестеров 	Авдей Митрофанович";
loginDEmly2018;IZJ7O|;Менеджер;"Григорьева 	Глафира Антоновна";
loginDElom2018;Yg}k84;Директор;"Зыков 	Геласий Лаврентьевич";
loginDEvoa2018;RdGikC;Заместитель директора;"Александрова 	Марфа Протасьевна";
loginDEwmq2018;ds4KAb;Заказчик;"Мухин 	Донат Ростиславович";
loginDEdba2018;D7xF6u;Заказчик;"Костин 	Геласий Германнович";
loginDEnsr2018;VZKTog;Заместитель директора;"Лазарев 	Протасий Игоревич";
loginDEqsc2018;UU|FkZ;Заказчик;"Пестов 	Богдан Германнович";
loginDEbct2018;Qg3gff;Директор;"Алексеев 	Владислав Аркадьевич";
loginDEvtg2018;ETMNzL;Мастер;"Савельева 	Евфросиния Арсеньевна";
loginDEuro2018;a1MIcO;Менеджер;"Никонов 	Мэлс Лукьевич";
loginDEpst2018;0CyGnX;Директор;"Горшкова 	Агафья Онисимовна";
loginDEpsu2018;Vx9cQ{;Менеджер;"Горбачёв 	Пантелеймон Германович";
loginDEzqs2018;qM9p7i;Заместитель директора;"Ершова 	Иванна Максимовна";
loginDEioe2018;yMPu&2;Мастер;"Туров 	Денис Геласьевич";
loginDEcmk2018;3f+b0+;Менеджер;"Носова 	Наина Эдуардовна";
loginDEfsp2018;&dtlI+;Директор;"Куликов 	Андрей Святославович";
loginDExcd2018;SZXZNL;Менеджер;"Нестеров 	Агафон Георгьевич";
loginDEvlf2018;O5mXc2;Заказчик;"Козлов 	Геласий Христофорович";
loginDEanv2018;Xiq}M3;Заместитель директора;"Борисова 	Анжелика Анатольевна";
loginDEzde2018;tlO3x&;Заказчик;"Суханов 	Станислав Фролович";
loginDEriv2018;GJ2mHL;Менеджер;"Тетерина 	Феврония Эдуардовна";
loginDEhcp2018;n2nfRl;Мастер;"Муравьёва 	Александра Ростиславовна";
loginDEwjv2018;ZfseKA;Заказчик;"Новикова 	Лукия Ярославовна";
loginDEiry2018;5zu7+};Директор;"Агафонова 	Лариса Михаиловна";
loginDEgbr2018;}+Ex1*;Мастер;"Сергеева 	Агата Юрьевна";
loginDExxv2018;+daE|T;Мастер;"Колобова 	Елена Евгеньевна";
loginDEbto2018;b1iYMI;Заказчик;"Ситников 	Николай Филатович";
loginDEfbs2018;v90Rep;Заместитель директора;"Белов 	Роман Иринеевич";
loginDEple2018;WlW+l8;Заместитель директора;"Волкова 	Алла Лукьевна";
loginDEhhx2018;hmCHeQ;Заместитель директора;"Кудрявцева 	Таисия Игоревна";
loginDEayn2018;Ka2Fok;Мастер;"Семёнова 	Октябрина Христофоровна";
loginDEwld2018;y9HStF;Директор;"Смирнов 	Сергей Яковович";
loginDEhuu2018;X31OEf;Заместитель директора;"Брагина 	Алина Валерьевна";
loginDEmjb2018;5mm{ch;Директор;"Евсеев 	Игорь Донатович";
loginDEdgp2018;1WfJjo;Мастер;"Суворов 	Илья Евсеевич";
loginDEgyi2018;|7nYPc;Мастер;"Котов 	Денис Мартынович";
loginDEmvn2018;Mrr9e0;Менеджер;"Бобылёва 	Юлия Егоровна";
loginDEfoj2018;nhGc+D;Заказчик;"Брагин 	Бронислав Георгьевич";
loginDEuuo2018;42XmH1;Заместитель директора;"Александров 	Владимир Дамирович";
loginDEhsj2018;s+jrMW;Директор;"Фокин 	Ириней Ростиславович";
loginDEvht2018;zMyS8Z;Мастер;"Воронов 	Митрофан Антонович";
loginDEeqo2018;l5CBqA;Заместитель директора;"Маслов 	Мстислав Антонинович";
loginDExrf2018;mhpRIT;Заместитель директора;"Щербаков 	Георгий Богданович";
loginDEfku2018;a1m+8c;Заказчик;"Кириллова 	Эмилия Федосеевна";
loginDExix2018;hzxtnn;Мастер;"Васильев 	Серапион Макарович";
loginDEqrf2018;mI8n58;Мастер;"Галкина 	Олимпиада Владленовна";
loginDEhlk2018;g0jSed;Заместитель директора;"Яковлева 	Ксения Онисимовна";
loginDEwoe2018;yOtw2F;Мастер;"Калашникова 	Александра Владимировна";
loginDExyu2018;7Fg}9p;Директор;"Медведьева 	Таисия Тихоновна";
loginDEcor2018;2cIrC8;Менеджер;"Карпова 	Ольга Лукьевна";
loginDEqon2018;YeFbh6;Заместитель директора;"Герасимов 	Мстислав Дамирович";
loginDEyfd2018;8aKdb0;Заместитель директора;"Тимофеева 	Ксения Валерьевна";
loginDEtto2018;qXYDuu;Директор;"Горбунов 	Вячеслав Станиславович";
loginDEdal2018;cJWXL0;Менеджер;"Кошелева 	Кира Владиславовна";
loginDEbjs2018;Xap2ct;Мастер;"Панфилова 	Марина Борисовна";
loginDEdof2018;kD|LRU;Заместитель директора;"Кудрявцев 	Матвей Игоревич";
loginDEsnh2018;#ИМЯ?;Заместитель директора;"Зуев 	Эдуард Пантелеймонович";
loginDEftn2018;gPq+a};Мастер;"Герасимов 	Вячеслав Ростиславович";
loginDEhuv2018;EJFYzS;Мастер;"Суворов 	Всеволод Богданович";
loginDEfhd2018;{4wU7n;Заместитель директора;"Ширяев 	Иван Игоревич";
loginDEaon2018;&OmaNE;Мастер;"Колобова 	Иванна Геннадьевна";
loginDEyat2018;ELSTyH;Директор;"Шестаков 	Антон Константинович";
loginDEmin2018;pQ6jze;Заказчик;"Игнатьев 	Федосей Богданович";
loginDEzal2018;zbU8R5;Менеджер;"Горбунов 	Валентин Григорьевич";
loginDEemw2018;NxhF5I;Директор;"Терентьева 	Анжела Михаиловна";
loginDEmqt2018;SIasu5;Заместитель директора;"Мясникова 	Ия Евсеевна";
loginDEpxx2018;Xv{vjN;Директор;"Горбунов 	Григорий Денисович";
loginDEetv2018;lNi&rF;Заместитель директора;"Герасимов 	Олег Авксентьевич";
loginDEonq2018;mKIIRQ;Менеджер;"Меркушева 	Нинель Матвеевна";
loginDErhl2018;U}rb9j;Заказчик;"Степанов 	Григорий Матвеевич";
loginDEfou2018;O+S9hm;Заместитель директора;"Агафонов 	Владлен Станиславович";
loginDElno2018;le1vt2;Заказчик;"Кузнецов 	Фрол Георгьевич";
loginDEtbx2018;CQplH|;Мастер;"Игнатьев 	Борис Владиславович";
loginDEltw2018;zvjkwE;Заказчик;"Симонов 	Юрий Созонович";
loginDEfuz2018;ILry03;Мастер;"Степанов 	Евсей Федотович";
loginDEygj2018;7b6PUb;Заместитель директора;"Зыков 	Вячеслав Антонович";
loginDEwpn2018;9BBkXP;Мастер;"Анисимова 	Алина Протасьевна";
loginDEyix2018;6zbXg*;Директор;"Артемьева 	Лариса Макаровна";
loginDEtms2018;70Z&Zy;Заместитель директора;"Мамонтова 	Ия Христофоровна";
loginDEmgl2018;QJNgD&;Директор;"Котова 	Светлана Леонидовна";
loginDEhix2018;ZKnd*0;Мастер;"Фёдорова 	Алла Брониславовна";
loginDEwbk2018;iJMh5B;Заказчик;"Гущина 	Анжела Аркадьевна";
loginDEpwa2018;yn5MLQ;Заказчик;"Дмитриев 	Григорий Мэлорович";
loginDElrx2018;lbX+dF;Мастер;"Дроздова 	Фёкла Митрофановна";
loginDEidx2018;R2j0mn;Заказчик;"Гаврилов 	Василий Германович";
loginDEzmk2018;ZrgBk6;Менеджер;"Суханова 	Фаина Юрьевна";
loginDEvje2018;gCU1fd;Менеджер;"Савельев 	Егор Сергеевич";
loginDEwun2018;yy+Qhe;Мастер;"Иван 	Васильевна";
loginDEfzq2018;36H8f};Заказчик;"Сазонова 	Клавдия Евгеньевна";
loginDEwel2018;UU5FTi;Директор;"Шаров 	Григорий Созонович";
loginDEljg2018;CT44Gc;Заказчик;"Щербаков 	Кондрат Фёдорович";
loginDEgsp2018;9ACW}r;Мастер;"Дроздов 	Дмитрий Юлианович";
loginDEjvp2018;etLGcB;Мастер;"Молчанов 	Юрий Лукьянович";
loginDEapt2018;cwx{RH;Заказчик;"Тихонов 	Валентин Авдеевич";
loginDEilb2018;IN2Ahc;Директор;"Виноградов 	Юрий Лукьевич";
loginDErch2018;|&DFy+;Директор;"Горбунова 	Нинель Сергеевна";
loginDEfwx2018;t|*wCk;Заказчик;"Маслов 	Леонид Николаевич";
loginDEggp2018;bBNxJb;Заказчик;"Родионова 	Венера Арсеньевна";
loginDEbgb2018;VtmP58;Заказчик;"Агафонов 	Пантелеймон Гордеевич";
loginDEnif2018;Nhj*t+;Заказчик;"Кудрявцев 	Гордей Авксентьевич";
loginDEsvs2018;tLgPnC;Менеджер;"Лыткина 	Алевтина Романовна";
loginDEghx2018;gue+iw;Заместитель директора;"Князев 	Геласий Евсеевич";
loginDElmy2018;X2LtuP;Мастер;"Бирюкова 	Пелагея Дмитрьевна";
loginDEevd2018;GMbcZN;Мастер;"Быков 	Лаврентий Ярославович";
loginDEodd2018;s2|Eb1;Директор;"Воронов 	Олег Яковович";
loginDEmrj2018;blrD&8;Заместитель директора;"Богданова 	Марфа Владимировна";
loginDEyct2018;uD+|Ud;Менеджер;"Беляев 	Донат Агафонович";
loginDEsgg2018;qhgYnW;Директор;"Константинова 	Вероника Агафоновна";
loginDEdcd2018;LxR6YI;Заместитель директора;"Меркушев 	Мартын Федотович";
loginDEisg2018;Cp8ddU;Мастер;"Казаков 	Федот Кондратович";
loginDEcph2018;7YpE0p;Заказчик;"Карпов 	Улеб Леонидович";
loginDEgco2018;nMr|ss;Заказчик;"Королёв 	Матвей Вадимович";
loginDEwjg2018;9UfqWQ;Заместитель директора;"Юдин 	Герман Кондратович";
loginDEjbz2018;xIAWNI;Заказчик;"Беляева 	Анна Вячеславовна";
loginDEmgu2018;0gC3bk;Заказчик;"Беляев 	 Валентин Артёмович";
loginDErdg2018;ni0ue0;Мастер;"Семёнов 	Герман Дмитрьевич";
loginDEjtv2018;f2ZaN6;Мастер;"Шестаков 	Илья Антонинович";
loginDEtfj2018;{{ksPn;Заказчик;"Власов 	Вадим Васильевич";
loginDEpnb2018;{ADBdc;Заказчик;"Савельев 	Арсений Авксентьевич";
loginDEzer2018;5&R+zs;Директор;"Ефимов 	Руслан Якунович";
loginDEiin2018;y9l*b};Мастер;"Бурова 	Марфа Федотовна";
loginDEqda2018;|h+r}I;Заказчик;"Селезнёв 	Александр Никитевич";
loginDEbnj2018;#ИМЯ?;Директор;"Кулакова 	Виктория Георгьевна";
loginDEqte2018;dC8bDI;Заказчик;"Дорофеева 	Кира Демьяновна";
loginDEfeo2018;8cI7vq;Менеджер;"Сафонова 	Нинель Якововна";
loginDEvni2018;e4pVIv;Заместитель директора;"Ситникова 	София Лукьевна";
loginDEjis2018;A9K++2;Менеджер;"Медведев 	Ириней Геннадьевич";
loginDExvv2018;R1zh}|;Заместитель директора;"Суханова 	Евгения Улебовна";
loginDEadl2018;F&IWf4;Заказчик;"Игнатьев 	Владлен Дамирович";
loginDEyzn2018;P1v24R;Заместитель директора;"Ефремов 	Христофор Владиславович";
loginDEphn2018;F}jGsJ;Менеджер;"Кошелев 	Ростислав Куприянович";
loginDEdvk2018;NKNkup;Менеджер;"Галкина 	Тамара Авксентьевна";
loginDEtld2018;c+CECK;Менеджер;"Журавлёва 	Вера Арсеньевна";
loginDEima2018;XK3sOA;Менеджер;"Савина 	Таисия Глебовна";
loginDEyfe2018;4Bbzpa;Заместитель директора;"Иванов 	Яков Мэлорович";
loginDEwqc2018;vRtAP*;Директор;"Лыткин 	Ким Алексеевич";
loginDEgtt2018;7YD|BR;Заказчик;"Логинов 	Федот Святославович";
loginDEiwl2018;LhlmIl;Заместитель директора;"Русакова 	Марина Юлиановна";
loginDEyvi2018;22beR};Менеджер;"Константинов 	Пётр Кондратович";
loginDEtfz2018;uQY0ZQ;Заместитель директора;"Поляков 	Анатолий Игоревич";
loginDEikb2018;*QkUxc;Заказчик;"Панфилова 	Василиса Григорьевна";
loginDEdmi2018;HOGFbU;Мастер;"Воробьёв 	Герман Романович";
loginDEtlo2018;58Jxrg;Заказчик;"Андреев 	Ростислав Федосеевич";
loginDEsnd2018;lLHqZf;Менеджер;"Бобров 	Агафон Владимирович";
loginDEgno2018;4fqLiO;Заказчик;"Лапин 	Алексей Витальевич";
loginDEgnl2018;wdio{u;Заместитель директора;"Шестаков 	Авдей Иванович";
loginDEzna2018;yz1iMB;Менеджер;"Гаврилова 	Алина Эдуардовна";
loginDEsyh2018;&4jYGs;Заказчик;"Жуков 	Юлиан Валерьянович";
loginDExex2018;rnh36{;Заместитель директора;"Пономарёв 	Максим Альвианович";
loginDEdjm2018;KjI1JR;Заказчик;"Зиновьева 	Мария Лаврентьевна";
loginDEgup2018;36|KhF;Директор;"Осипов 	Артём Мэлорович";
loginDEdat2018;ussd8Q;Мастер;"Лапин 	Вячеслав Геласьевич";
loginDEffj2018;cJP+HC;Менеджер;"Зуев 	Ириней Вадимович";
loginDEisp2018;dfz5Ii;Заказчик;"Коновалова 	Агафья Митрофановна";
loginDEfrp2018;6dcR|9;Директор;"Исаев 	Дмитрий Аристархович";
loginDEaee2018;5&qONH;Менеджер;"Белозёрова 	Алевтина Лаврентьевна";
loginDEthu2018;|0xWzV;Директор;"Самсонов 	Агафон Максимович";
loginDEdcx2018;TYlFkM;Мастер;"Якушев 	Евсей Лукьевич";
loginDEnsa2018;LdqH+T;Менеджер;"Фёдоров 	Святослав Григорьевич";
loginDErxm2018;8EavEy;Заместитель директора;"Борисов 	Герман Дамирович";
loginDEaic2018;X2adoa;Заказчик;"Ситников 	Серапион Фролович";
loginDEwul2018;uK&3Zr;Мастер;"Третьяков 	Валерьян Иринеевич";
loginDEjgl2018;++04Tb;Менеджер;"Комиссарова 	Мария Владимировна";
loginDEgtk2018;pNWXhi;Заказчик;"Меркушева 	Раиса Владленовна";
loginDEvrd2018;S7N9hz;Директор;"Калашникова 	Венера Якуновна";
loginDExky2018;Kt9EAS;Менеджер;"Комиссаров 	Семён Павлович";
loginDExnj2018;IJDdP0;Заместитель директора;"Денисов 	Митрофан Егорович";
loginDEnbu2018;86uDLd;Мастер;"Матвиенко 	Дамир Богданович";
loginDEiik2018;gKt2zV;Директор;"Кириллов 	Константин Алексеевич";
loginDEwyi2018;9eskgK;Заказчик;"Медведьев 	Фёдор Мэлсович";
loginDEpfr2018;mW1Q36;Заказчик;"Карпов 	Евгений Лукьевич";
loginDEjct2018;3WpoK9;Заказчик;"Маркова 	Евдокия Артёмовна";
loginDEsmg2018;ApH1By;Мастер;"Красильников 	Тихон Богданович";
loginDEexu2018;Nt44pG;Заказчик;"Титов 	Семён Иринеевич";
loginDEztr2018;MYCgB7;Заказчик;"Кудряшов 	Борис Иринеевич";
loginDEwrc2018;SktJa|;Заместитель директора;"Гаврилова 	Нинель Денисовна";
loginDEzjs2018;|x{s+X;Менеджер;"Быков 	Дмитрий Валерьянович";
loginDEeka2018;mLZvLv;Мастер;"Фомичёв 	Денис Федосеевич";
loginDEepr2018;BG6tpN;Заказчик;"Белова 	Марфа Матвеевна";
loginDEsnq2018;hrD}}g;Заместитель директора;"Романова 	Марина Лаврентьевна";
loginDEvqn2018;LPa|e3;Заместитель директора;"Беспалов 	Демьян Витальевич";
loginDEery2018;*I0Rdi;Мастер;"Архипова 	Венера Демьяновна";
loginDElqv2018;Hqfw17;Мастер;"Носков 	Парфений Георгьевич";
loginDEtuz2018;Yln7JW;Мастер;"Зыков 	Иван Варламович";
loginDEllr2018;hXtdCD;Менеджер;"Иван 	Протасьевна";
loginDEisy2018;5k5dHN;Директор;"Рожков 	Протасий Альвианович";
loginDEqiv2018;h+N2uW;Менеджер;"Большакова 	Нинель Протасьевна";
loginDEmfu2018;{ZpDBn;Заместитель директора;"Наумова 	Лидия Донатовна";
loginDEgbd2018;+86Nf*;Мастер;"Панова 	Ольга Олеговна";
loginDEkdg2018;R0tt07;Заместитель директора;"Комаров 	Аркадий Иванович";
loginDEjrs2018;MVg{yd;Заместитель директора;"Федосеева 	Тамара Михаиловна";
loginDEmvd2018;wyLDa{;Директор;"Пестов 	Роман Михаилович";
loginDEctc2018;B&dlx+;Заказчик;"Блинов 	Артём Ильяович";
loginDEavf2018;oDTttg;Заместитель директора;"Владимирова 	Полина Иринеевна";
loginDEako2018;tD8J5+;Заказчик;"Силин 	Игнатий Яковович";
loginDEzrg2018;WXIgGi;Директор;"Кононов 	Геннадий Созонович";
loginDEdwq2018;WkTaBP;Менеджер;"Дьячков 	Фрол Арсеньевич";
loginDEszg2018;NWkAVP;Директор;"Горбачёв 	Арсений Григорьевич";
loginDEmeh2018;HQ+m4W;Директор;"Виноградов 	Яков Онисимович";
loginDEpwm2018;be7AT0;Директор;"Лаврентьева 	Валентина Васильевна";
loginDEnaq2018;I8c5EB;Заказчик;"Брагин 	Лукьян Мартынович";
loginDEtuk2018;6aDAzV;Мастер;"Трофимов 	Кондрат Игоревич";
loginDEhsb2018;n|I6A0;Менеджер;"Степанова 	Глафира Авксентьевна";
loginDEaoi2018;Dl58m|;Заказчик;"Федосеев 	Пётр Григорьевич";
loginDErmk2018;D3GuIv;Мастер;"Поляков 	Николай Антонович";
loginDEfnd2018;74D9|d;Менеджер;"Медведев 	Владимир Онисимович";
loginDEtza2018;A7Qldh;Заказчик;"Иван 	Мэлоровна";
loginDEnoq2018;qyKzu6;Заказчик;"Медведева 	Ангелина Валентиновна";
loginDEmid2018;CVjLBK;Мастер;"Сафонова 	Дарья Брониславовна";
loginDEaua2018;OJgRk4;Директор;"Большаков 	Федот Владимирович";
loginDEvvs2018;oBv+5G;Заказчик;"Дроздов 	Куприян Александрович";
loginDEhne2018;Lidn5o;Заместитель директора;"Рябова 	Лукия Руслановна";
loginDEksx2018;gLTUuE;Мастер;"Артемьева 	Фаина Христофоровна";
loginDEota2018;xc&O3U;Заместитель директора;"Комиссарова 	Варвара Руслановна";
loginDEcda2018;Ji63Jt;Заместитель директора;"Романова 	Оксана Мартыновна";
loginDEhjr2018;4aeumW;Директор;"Бобров 	Артём Валерьянович";
loginDEtps2018;G&lq7J;Заместитель директора;"Соколов 	Василий Михаилович";
loginDEwdj2018;xj+&hg;Заказчик;"Рогов 	Лукьян Онисимович";
loginDEgtc2018;ysRjen;Заказчик;"Фомичёва 	Светлана Тихоновна";
loginDEeib2018;DN0Zs&;Менеджер;"Макаров 	Егор Святославович";
loginDEzjn2018;E8c864;Менеджер;"Афанасьева 	Марфа Куприяновна";
loginDEdsm2018;dQPs1p;Директор;"Рыбаков 	Андрей Семёнович";
loginDEuxs2018;5FVwny;Менеджер;"Белоусова 	Лариса Валерьяновна";
loginDExss2018;AiQQ|q;Директор;"Ершов 	Сергей Геласьевич";
loginDEtog2018;TE757+;Менеджер;"Иванова 	Жанна Матвеевна";
loginDEjfr2018;nxLt10;Мастер;"Носков 	Александр Богданович";
loginDEcnj2018;QCQd0Z;Директор;"Уваров 	Анатолий Парфеньевич";
loginDEnsz2018;WS}BK1;Менеджер;"Некрасова 	Ирина Ильяовна";
loginDEgva2018;SXlY&e;Мастер;"Боброва 	Дарья Федосеевна";
loginDErgi2018;ROPHET;Мастер;"Степанова 	Любовь Лукьевна";
loginDEgho2018;kDKj}M;Заказчик;"Меркушев 	Дамир Улебович";
loginDEgmb2018;czGJP5;Директор;"Хохлова 	Виктория Глебовна";
loginDEunc2018;M*DY73;Мастер;"Мельникова 	Таисия Лукьяновна";
loginDEatn2018;h{QXsQ;Менеджер;"Кошелев 	Владислав Лукьянович";
loginDEwlw2018;9gIoYv;Заместитель директора;"Тетерин 	Всеволод Ростиславович";
loginDEunh2018;nhp6F0;Директор;"Капустина 	Любовь Викторовна";
loginDEzvg2018;NEACzR;Заказчик;"Комиссарова 	Дарья Парфеньевна";
loginDEhhe2018;LKkrzY;Директор;"Назаров 	Евгений Юлианович";
loginDEfjj2018;dyv&fw;Заказчик;"Зайцев 	Юрий Анатольевич";
loginDEtun2018;}TKwPx;Менеджер;"Селиверстова 	Дарья Георгьевна";
loginDEmym2018;WhDPfl;Директор;"Наумова 	Вера Ивановна";
loginDEmxi2018;uEQkUn;Мастер;"Быков 	Даниил Антонинович";
loginDEeiw2018;bLgTtm;Мастер;"Корнилова 	Алина Игоревна";
 loginDEotu2018;o5BP5N;Менеджер;"Родионов 	Григорий Антонович";
loginDEiui2018;ce4&gT;Менеджер;"Волков 	Владлен Николаевич";
loginDEcsm2018;*X3Tl8;Заказчик;"Дьячкова 	Ираида Якововна";
loginDEgwr2018;xhCEUR;Заместитель директора;"Орлов 	Юрий Андреевич";
loginDEjcu2018;2+JLPl;Заказчик;"Гордеев 	Аристарх Русланович";
loginDExyn2018;IFFTHr;Мастер;"Зыков 	Варлам Протасьевич";
loginDEzpz2018;PRI8h7;Заместитель директора;"Фомичёв 	Богдан Федотович";
loginDEhic2018;OPCVb1;Директор;"Дорофеева 	Валерия Павловна";
loginDEiwx2018;9{rX8I;Директор;"Матвеев 	Борис Мэлорович";
loginDEmos2018;gC*38U;Директор;"Исакова 	Прасковья Олеговна";
loginDEqov2018;AIINBG;Заказчик;"Стрелков 	Максим Гордеевич";
loginDEket2018;TN4H+S;Заместитель директора;"Волков 	Николай Ярославович";
loginDEayo2018;wHQKY5;Менеджер;"Мишин 	Донат Брониславович";
loginDEryt2018;XcFoH*;Директор;"Гурьев 	Матвей Артёмович";
loginDEsvp2018;4kES&p;Мастер;"Одинцов 	Даниил Мстиславович";
loginDEiks2018;FXV&W*;Менеджер;"Юдин 	Антон Васильевич";
loginDEhyt2018;3E{ZDm;Заместитель директора;"Котова 	Элеонора Протасьевна";
loginDExkt2018;2EyCBy;Заместитель директора;"Александров 	Евсей Тихонович";
loginDEjyt2018;E&Ac|h;Мастер;"Денисов 	Яков Даниилович";
loginDErvn2018;6G+AZH;Мастер;"Васильева 	Татьяна Пётровна";
loginDEitl2018;BECfk*;Заказчик;"Гуляева 	Октябрина Кондратовна";
loginDEpfw2018;3kY3&K;Заказчик;"Борисова 	Синклитикия Григорьевна";
loginDEide2018;dFR{Aq;Заказчик;"Романова 	Евдокия Альбертовна";
loginDEtur2018;#ИМЯ?;Мастер;"Ефимов 	Руслан Улебович";
loginDEtwc2018;oqx3Pv;Директор;"Назаров 	Ким Кимович";
loginDEslj2018;YP*v6E;Менеджер;"Никитина 	Татьяна Агафоновна";
loginDEkxx2018;GhlUU&;Директор;"Панов 	Никита Евсеевич";
loginDEvdz2018;OhnHez;Мастер;"Журавлёва 	Елизавета Артёмовна";
loginDEnvw2018;blqZ85;Менеджер;"Киселёв 	Бронислав Арсеньевич";
loginDEdno2018;PJ05BT;Мастер;"Галкин 	Владислав Кимович";
loginDEmmc2018;8a0pbC;Заказчик;"Анисимова 	Таисия Улебовна";
loginDEckd2018;apfX0U;Заказчик;"Якушев 	Валерьян Викторович";
loginDEbbm2018;l4tp}r;Директор;"Максимов 	Ириней Дамирович";
loginDEppq2018;Wgi6Ff;Заказчик;"Миронова 	Валерия Владиславовна";
loginDEmnq2018;laFpJG;Заместитель директора;"Поляков 	Георгий Авдеевич";
loginDEmqg2018;4*M&VK;Заказчик;"Фадеев 	Николай Денисович";
loginDEazm2018;2seWAw;Заказчик;"Авдеева 	Наталья Викторовна";
loginDEapw2018;NX6N*N;Мастер;"Калинин 	Бронислав Денисович";
loginDEtic2018;gIXztH;Мастер;"Суворов 	Дамир Яковович";
loginDEfgs2018;#ИМЯ?;Менеджер;"Горбачёва 	Зоя Куприяновна";
loginDEdrt2018;wg*xRp;Менеджер;"Романов 	Анатолий Юлианович";
loginDErtg2018;bg7NzS;Заказчик;"Соловьёва 	Полина Игоревна";
loginDEijp2018;*V969Y;Заказчик;"Никифоров 	Владлен Васильевич";
loginDEpnl2018;jinnCV;Мастер;"Кулаков 	Федот Георгьевич";
loginDExjm2018;0PYqey;Мастер;"Смирнова 	Елена Якововна";
loginDEecw2018;V8}GOZ;Заместитель директора;"Волков 	Федосей Святославович";
loginDEdzx2018;#ИМЯ?;Директор;"Мухин 	Леонид Антонович";
loginDEaaf2018;SIBZnG;Менеджер;"Гурьева 	Ангелина Матвеевна";
loginDEqtm2018;fsKT+2;Заместитель директора;"Захаров 	Артём Вячеславович";
loginDEfzb2018;0Q6cQY;Заместитель директора;"Баранова 	Евдокия Игнатьевна";
loginDErqv2018;2LK9Pw;Менеджер;"Кулакова 	Оксана Ярославовна";
loginDEzwx2018;3tICV1;Мастер;"Муравьёва 	Синклитикия Геннадьевна";
loginDEjzi2018;5cDW2|;Менеджер;"Медведев 	Евгений Эдуардович";
loginDEsjj2018;wuVex4;Менеджер;"Савельева 	Феврония Фёдоровна";
loginDEidz2018;G5DP2D;Заказчик;"Лаврентьева 	Элеонора Агафоновна";
loginDEtqb2018;Y+Dq4P;Мастер;"Носов 	Альберт Ярославович";
loginDEcdz2018;e1oDkm;Менеджер;"Капустин 	Фрол Пётрович";
loginDEoio2018;wHOAvL; Менеджер;"Крюков 	Евсей Семёнович";
loginDEljv2018;utbJSk;Директор;"Громов 	Протасий Георгьевич";
loginDEcfc2018;GxVX}g;Заказчик;"Ларионова 	Агата Ефимовна";
loginDEofx2018;dMTmGz;Заказчик;"Пономарёв 	Ким Семёнович";
loginDEhns2018;oX7tXV;Заместитель директора;"Герасимова 	Элеонора Вадимовна";
loginDExrk2018;8&vYwK;Директор;"Галкин 	Георгий Фёдорович";
loginDEscf2018;O|o5A+;Заказчик;"Воронова 	Антонина Всеволодовна";
loginDEyua2018;rW71Ck;Менеджер;"Денисов 	Святослав Онисимович";
loginDEgkj2018;yXC+SX;Заказчик;"Гаврилов 	Демьян Валентинович";
loginDEtad2018;cp1gN+;Заказчик;"Аксёнова 	Маргарита Артёмовна";
loginDEsan2018;q7Qx66;Заказчик;"Королёв 	Якун Степанович";
loginDEgbx2018;qrB{e1;Мастер;"Кузьмина 	Прасковья Онисимовна";
loginDEusz2018;0||9by;Заказчик;"Ефимова 	Александра Парфеньевна";
loginDEanl2018;EcBP7N;Заказчик;"Красильникова 	Лариса Ефимовна";
loginDEgzu2018;AkAXti;Директор;"Ларионова 	Фёкла Филатовна";
loginDEriw2018;W39VRH;Заказчик;"Шашков 	Филат Кимович";
loginDEuup2018;yJ}w5s;Заказчик;"Мамонтова 	Элеонора Максимовна";
loginDExeu2018;dObOMp;Мастер;"Воробьёв 	Мартын Игоревич";
loginDElkp2018;TA6grZ;Менеджер;"Корнилова 	Кира Брониславовна";
loginDEzfz2018;GzUp*R;Мастер;"Лебедев 	Герман Евгеньевич";
loginDEkhc2018;#ИМЯ?;Менеджер;"Лазарев 	Мэлор Дмитрьевич";
loginDEwsi2018;8|JAAt;Заместитель директора;"Зайцев 	Мэлс Русланович";
loginDExhs2018;g+wDAX;Директор;"Устинова 	Зоя Созоновна";
loginDEmad2018;cRKuGW;Директор;"Некрасова 	Алла Альбертовна";
loginDEpav2018;7eur3a;Заместитель директора;"Волков 	Ириней Ефимович";
loginDEave2018;|+aXyG;Заместитель директора;"Кондратьев 	Геннадий Дмитрьевич";
loginDEkro2018;N5|}vM;Мастер;"Копылова 	Ульяна Тихоновна";
loginDEdsu2018;aZZhZQ;Заместитель директора;"Баранов 	Анатолий Митрофанович";
loginDEfuv2018;xSvieW;Заказчик;"Прохорова 	Нина Улебовна";
loginDEsnk2018;lkR1ZZ;Заместитель директора;"Якушева 	Ольга Игнатьевна";
loginDEppv2018;yg1DH+;Заказчик;"Филиппов 	Борис Геннадьевич";
loginDEkzy2018;DpvYbd;Заместитель директора;"Мишин 	Владлен Арсеньевич";
loginDEpmj2018;0{6txi;Мастер;"Шилова 	Татьяна Георгьевна";
loginDEagt2018;HDZ&8{;Менеджер;"Исаков 	Филат Григорьевич";
loginDEmch2018;IC2+2a;Заказчик;"Трофимов 	Иван Антонинович";
loginDEzeq2018;WlZOJ3;Директор;"Туров 	Юлиан Парфеньевич";
loginDEdts2018;lyy5BX;Директор;"Котов 	Анатолий Арсеньевич";
loginDEgdn2018;rkaUu0;Директор;"Антонов 	Германн Мартынович";
loginDEmvy2018;3Y}DMk;Директор;"Кондратьева 	Наталья Юлиановна";
loginDEjtt2018;eKlTzd;Заказчик;"Дьячкова 	Екатерина Владленовна";
loginDEmty2018;J20FCe;Мастер;"Ефимов 	Альвиан Серапионович";
loginDEjmx2018;i{OH{c;Заместитель директора;"Зимина 	Лукия Дмитрьевна";
loginDEygt2018;zDTc9&;Мастер;"Сазонов 	Мэлор Созонович";
loginDEypc2018;vtxvjy;Директор;"Медведева 	Лариса Ростиславовна";
loginDErip2018;re53rs;Заместитель директора;"Кириллов 	Игнатий Ростиславович";
loginDEahk2018;|tP8kR;Директор;"Владимиров 	Егор Пётрович";
loginDEbid2018;DeyUEY;Мастер;"Мартынова 	Дарья Васильевна";
loginDEupo2018;Az*YxR;Мастер;"Иван 	Фёдоровна";
loginDEvel2018;dA5Kk+;Директор;"Калинина 	Феврония Брониславовна";
loginDEnpc2018;AozkWP;Директор;"Крылова 	Людмила Германовна";
loginDEigv2018;ZOYxOn; Директор;"Потапов 	Геннадий Созонович";
loginDEwrl2018;CeSxSp;Заказчик;"Мельникова 	Нонна Альвиановна";
loginDEbbl2018;BXfnEL;Менеджер;"Авдеева 	Елизавета Федотовна";
loginDEteq2018;YI+ss5;Заказчик;"Лапина 	Синклитикия Аристарховна";
loginDEdis2018;|1+hrs;Менеджер;"Третьяков 	Юрий Станиславович";
loginDElsk2018;h0OP2P;Мастер;"Николаев 	Ефим Константинович";
loginDEegj2018;52*BRY;Заместитель директора;"Иванова 	Ирина Мэлсовна";
